{"cameraMode":{"drawMode":0,"name":"Shaded","section":"Shading Mode"},"sceneLighting":true,"audioPlay":false,"sceneViewState":{"m_AlwaysRefresh":false,"showFog":true,"showSkybox":true,"showFlares":true,"showImageEffects":true,"showParticleSystems":true,"showVisualEffectGraphs":true,"m_FxEnabled":true},"in2DMode":false,"pivot":{"x":34.99188995361328,"y":1.3536429405212403,"z":1.0727763175964356},"rotation":{"x":-0.006010537967085838,"y":-0.9766312837600708,"z":0.2130768597126007,"w":-0.02755703404545784},"size":0.18742111325263978,"orthographic":false}