{"cameraMode":{"drawMode":0,"name":"Shaded","section":"Shading Mode"},"sceneLighting":true,"audioPlay":false,"sceneViewState":{"m_AlwaysRefresh":false,"showFog":true,"showSkybox":true,"showFlares":true,"showImageEffects":true,"showParticleSystems":true,"showVisualEffectGraphs":true,"m_FxEnabled":true},"in2DMode":false,"pivot":{"x":25.849782943725587,"y":34.33207702636719,"z":13.507168769836426},"rotation":{"x":-0.016807427629828454,"y":0.011410949751734734,"z":-0.000190453851246275,"w":-0.9997959733009338},"size":38.36371612548828,"orthographic":false}